,A,B,C,D
2000-01-01,1.0962806570710069,-2.0930671793764555,0.2574927710872182,-1.5692210981220953
2000-01-02,1.638374102600957,-2.0402601481135805,0.6318257976745416,-0.8353733755652888
2000-01-03,2.0829343096373396,-1.3542380773279699,2.356460526149771,1.3754060286672578
2000-01-04,4.297608410311138,0.6030836898114518,2.7398175981797395,2.3517235701157535
2000-01-05,5.695544456118115,1.270670168329784,1.997017906427643,2.3884292929450885
2000-01-06,6.4389306404375235,0.22835980221302865,2.7854189408869674,2.1479808218650662
2000-01-07,6.961825189701427,0.2600022245855686,2.8500694336945385,2.0893059545254116
2000-01-08,6.832889937205271,0.5699485206083337,1.7698930409987177,2.91081209314415
2000-01-09,4.602621660808486,1.0409072781895907,1.1915577599790432,0.9333617704993411
2000-01-10,4.631602132102329,-1.5795602689284638,1.543356363826936,1.4310424720572028
2000-01-11,5.259723214677533,-2.9045364548269985,2.1366191981055107,1.1728259295534662
2000-01-12,5.4351636925925995,-2.185131743635329,1.3841660674740877,0.9036049028789737
2000-01-13,4.503637892695342,-2.018139137455254,1.5846717225992848,0.16279166118549104
2000-01-14,4.864900152513164,-1.4478129589736017,-0.25283103242362515,0.0432475638337422
2000-01-15,4.436647192303631,-2.6368339583746967,0.09136217428668059,0.011208330367561956
2000-01-16,6.420407082716413,-4.309466226546109,1.815184639731161,-0.5933709739302577
2000-01-17,5.632832135021053,-5.324033371666555,0.9053081162937998,-2.2557147419575725
2000-01-18,6.109820437014409,-6.0523529954845,1.2228245369534898,-3.031215740436209
2000-01-19,6.003204331453678,-7.744074380753649,0.4588558554453658,-3.223516156655718
2000-01-20,7.194925162925546,-6.420888454481736,0.5335191546769498,-2.4539567026613422
2000-01-21,9.07540310653732,-4.855618040816434,0.9728474190821066,-2.445778719288744
2000-01-22,8.234614791635332,-6.430952607785011,1.0824596479741477,-1.1167951669429237
2000-01-23,9.093489467069704,-6.399018404101853,1.993041632503577,-0.7690462806331733
2000-01-24,9.298538569648601,-7.669491860701511,1.9951451605467425,-1.8900046568468998
2000-01-25,10.98354319916973,-8.944719023182968,2.67092688928249,-1.782032053676978
2000-01-26,9.864035854589389,-8.257603839918913,2.5297775499533763,0.04095875236228608
2000-01-27,9.052070063369097,-7.0378416208204575,3.271157566657834,0.008394818718323517
2000-01-28,7.925528967640016,-6.8036902862172415,4.177418133367599,0.8231790758272808
2000-01-29,8.129550539546928,-5.735958430071805,5.1147005492600535,1.1480508074264661
2000-01-30,7.92593831377735,-5.422682761470858,5.036269276626715,1.913601971760679
2000-01-31,8.24747971912483,-5.088558220624853,6.377029194325463,1.8799309317063448
2000-02-01,7.9806328797999795,-4.900742411720044,6.579190117303355,2.4923029262040566
2000-02-02,7.251898154192116,-6.319786819419227,7.397656552015214,0.529619966893115
2000-02-03,5.65152234440542,-6.429917834968356,8.123759269615137,1.2135508940399555
2000-02-04,5.865309511721839,-5.802251388251847,8.11060853476572,0.010514860178020058
2000-02-05,6.258431827130725,-6.8854934217553385,7.758130566924812,-1.4131163840657883
2000-02-06,5.127558288936547,-6.879631849913252,8.16750292964839,-1.5659708280402018
2000-02-07,3.7508230043463433,-6.323633905941785,7.233069866909303,-3.207915377457832
2000-02-08,4.015506020018017,-4.9184727819129765,7.093740339531932,-2.9491404033063517
2000-02-09,7.3453244706742975,-4.363817451322485,7.048674471899991,-2.5407321415299045
2000-02-10,6.964186742422666,-4.441065563565524,7.791695210747133,-1.9063341748015987
2000-02-11,7.344247419768965,-3.8528384215058975,5.696282461015128,-3.8197449667174928
2000-02-12,8.60004168776846,-2.429561982114296,5.046090515024671,-3.803411730018533
2000-02-13,6.925546520755597,-2.4958701235037024,4.597217846877876,-2.9961892945502946
2000-02-14,5.875186751799761,-3.0450573242603403,3.216111037719272,-3.6243544065013644
2000-02-15,6.2922669860689435,-3.6401854750027693,3.579839919846554,-3.632534991411778
2000-02-16,6.4591348122712695,-4.128706431328394,2.9561424808955197,-3.9573779729461034
2000-02-17,4.7302939935209265,-5.150098009163306,2.7188951340392005,-3.0454948565025592
2000-02-18,6.2911295492537365,-4.781183542405822,3.126457755251837,-4.130751250964684
2000-02-19,6.813923623528034,-5.154503331789455,3.8086570058829814,-4.958639276737303
2000-02-20,6.3495651178256844,-6.459719067005819,4.37116939138637,-7.579266476422955
2000-02-21,5.225588412769708,-5.5750226611645095,5.538177514231102,-6.801161928203296
2000-02-22,6.426237893925435,-6.549665060771358,5.905473056640682,-7.448440657835018
2000-02-23,8.215003776510153,-5.932079772029328,6.493180650396264,-6.430698962638841
2000-02-24,7.371266519640654,-5.115845350808833,5.518398316490385,-8.072975492373022
2000-02-25,7.479963285314626,-4.679916643583357,4.522700208772155,-8.236276937601822
2000-02-26,9.653691272702815,-3.321394180685836,5.169451720808013,-9.243429695007867
2000-02-27,9.3605241174458,-4.1585291460655185,7.43188974053065,-7.6335069162464
2000-02-28,7.734555447150873,-4.986868098003111,9.008948909331783,-8.669646698230338
2000-02-29,8.618759044270641,-5.523744138018555,8.858872847008314,-7.478506289204788
2000-03-01,6.5120740261022405,-6.65554273164706,10.031849832073375,-7.740593881898224
2000-03-02,4.440299371962852,-5.073781358732919,10.57857264422443,-8.612049805291099
2000-03-03,5.087974506368353,-4.730912037873613,9.856416576869373,-8.091930599628471
2000-03-04,4.616313703699387,-4.669762847273354,9.572251327162876,-5.439563231948269
2000-03-05,5.390990842503241,-6.127353088762693,11.51001057216786,-6.9972177903376345
2000-03-06,5.376995591119146,-6.036793471358517,11.281729713888582,-6.980151751708246
2000-03-07,5.538684258883225,-5.190839276019224,12.269932027053684,-5.4533835174220755
2000-03-08,5.4736860155558835,-4.97090595076451,11.322567211287103,-4.525606678086107
2000-03-09,4.934221294987784,-4.218718545737185,10.994013720151433,-4.822673196001169
2000-03-10,5.398582855175907,-5.440205465712016,11.145032017800865,-3.6707011391255224
2000-03-11,5.0456070330758225,-6.141961324977496,10.663701493527023,-4.102021036657303
2000-03-12,4.530408165856512,-7.444268190534766,8.560862851314766,-4.227469580924062
2000-03-13,2.7206543865438846,-7.746429695896975,9.149258441221237,-3.522265097928565
2000-03-14,3.052657473310898,-8.825512254320197,8.274493586803317,-2.579902790613123
2000-03-15,2.4222525871004854,-9.205637255694562,9.319263080652862,-4.020568035343837
2000-03-16,1.2907569344703325,-9.036664806486202,8.277478482852704,-2.7666776087136915
2000-03-17,0.820939179664116,-8.669201547963722,8.82240179963166,-3.9358569341457406
2000-03-18,1.6782344825961546,-8.138071156132206,9.080274972997323,-6.010014076531119
2000-03-19,1.5804424725117503,-9.844033979307211,9.757154012611693,-6.158780979622594
2000-03-20,0.6589694122600291,-9.412685143175699,8.806597519463715,-6.047812589251358
2000-03-21,3.1419463785855695,-9.012486956932337,8.571758204987448,-6.04653612215247
2000-03-22,4.732826672620053,-10.306155328725863,8.410301710919047,-4.955238271789009
2000-03-23,5.947432517050655,-10.064224841799595,8.872097292150501,-5.7888352927886615
2000-03-24,5.9229645865026574,-9.75727488890024,10.205763504679279,-6.471835493825776
2000-03-25,6.947642107466357,-9.214887023235187,8.747010508545948,-7.479183689785582
2000-03-26,7.747287858393877,-8.03275018217137,10.571856350246861,-7.50976826926742
2000-03-27,8.243539272053928,-6.809441920905609,8.97275751959237,-7.033422277789409
2000-03-28,9.546335102061681,-6.150241665850095,7.466198955225147,-5.9279952474233655
2000-03-29,10.397094104346735,-6.4091433622209895,5.54274761666865,-5.609226504410486
2000-03-30,10.15581273581895,-6.787521851991312,6.9172378488267,-5.6370641471500775
2000-03-31,9.835511412026495,-8.680368017447707,7.6803810030664454,-4.834428670639352
2000-04-01,10.701449235120798,-10.380678576812848,8.938315892267031,-5.1194592201947655
2000-04-02,9.281079104783206,-10.144058120025187,8.107313410668704,-5.04296503710842
2000-04-03,9.630480252103396,-9.992880525555764,7.554633006017998,-3.88731123889208
2000-04-04,9.391266024947917,-9.717994544099433,6.524919505943794,-2.7948271655950476
2000-04-05,10.445620537800984,-10.423012898449349,6.505855886042305,-2.8005787719299806
2000-04-06,10.769134155307158,-12.35140999932895,4.972663701658309,-1.956562030997763
2000-04-07,10.756847288778102,-12.821782370687565,4.641342880506673,-2.041754281251997
2000-04-08,10.029233203782812,-11.303055269589567,3.9284712606033865,-2.2495241429120854
2000-04-09,11.855886587445733,-12.364067831401155,4.04365930667035,-2.015454524383454
2000-04-10,10.739997328871349,-11.9202435197656,3.31602587401848,-2.138422384535067
2000-04-11,9.557433548777816,-12.191716738232067,5.548756206719429,-3.0139710195463794
2000-04-12,10.344887493832445,-12.500020378281858,7.106370557478579,-5.5784236102826945
2000-04-13,8.545023882749792,-12.52506330891562,7.199685961828672,-4.270513898497024
2000-04-14,9.20369324280247,-12.261973886908699,6.148349601707569,-5.319257798251338
2000-04-15,8.026939944913687,-14.50600251761302,5.827394794800421,-4.869710842440534
2000-04-16,9.214841538438305,-13.506270611866658,5.696024151245776,-5.446860878282182
2000-04-17,9.057490991566791,-13.452587094740766,5.187095651004005,-5.368951642553656
2000-04-18,8.354673890129332,-13.305999394547321,5.485898777205413,-5.22023210086735
2000-04-19,8.411332515777504,-13.015071998842258,5.577116931285505,-5.822663394604419
2000-04-20,7.481373227377444,-13.120345344596211,7.263571948645627,-6.5922573555946355
2000-04-21,7.267011340645737,-12.980933917256834,7.889604867858748,-7.705901269233671
2000-04-22,6.963987628355488,-13.454274360934722,8.522806970607258,-9.98359270945116
2000-04-23,7.437958461945675,-11.474814815586711,9.418706136227357,-11.233640308892994
2000-04-24,7.331016706254999,-10.194800628039106,7.495026645163886,-12.529594000134436
2000-04-25,8.260581014900477,-9.032842238648787,7.551791126160229,-11.788003093864074
2000-04-26,8.108928830080577,-10.134241969565359,8.213123000808876,-11.01015020847856
2000-04-27,6.752571879016748,-10.866533341818428,7.660026599796303,-9.656995291446615
2000-04-28,5.599566510574315,-10.156539750040867,8.283714685241112,-10.917326642549476
2000-04-29,4.479605366257996,-10.767967333527983,9.151571255697881,-11.029079433984416
2000-04-30,3.812742273766516,-10.851931355824235,8.893487290202033,-9.98455930904546
2000-05-01,4.431458785576589,-10.469505526321248,8.951885292261386,-9.528040086475125
2000-05-02,4.761738660740614,-10.040520073626844,8.309103712402855,-11.760564317070155
2000-05-03,4.947669173594952,-8.31164876123176,11.123461718917897,-12.69569473656791
2000-05-04,7.071397676511692,-8.165977594708984,11.627359585330927,-11.398878066038844
2000-05-05,7.764643420585053,-9.971202705915216,10.94025667229109,-10.402254058258324
2000-05-06,7.045591906214122,-10.478443022731174,12.020147494049315,-9.194074830612136
2000-05-07,8.258400395350451,-11.04336200618065,9.965814940415491,-8.658247585864013
2000-05-08,10.48032714023288,-12.514052914919674,10.678399134772517,-7.691942109965906
2000-05-09,10.000313048977237,-11.030585887833645,10.74234450122163,-8.562211760091817
2000-05-10,9.45645933219589,-11.453697790677374,12.35002639341175,-8.072714639742282
2000-05-11,8.693938566246306,-11.839519030295005,11.780992055751202,-8.511726274113899
2000-05-12,8.990948839876642,-12.185285695962012,10.407193366687194,-8.474436034199895
2000-05-13,10.776911130250356,-12.495521604469452,10.919014759369517,-8.844188443621881
2000-05-14,11.796830376655304,-11.065106087724212,12.177427625406208,-7.671545927090911
2000-05-15,12.168800132053434,-11.381389732475435,12.099337056778808,-7.932747562500217
2000-05-16,10.003650952568655,-11.328219025905991,12.413713677521617,-6.2046051133748445
2000-05-17,11.846279367105156,-10.68790439184912,12.999011541470926,-7.871148527380524
2000-05-18,13.705381763834508,-11.20747229566813,10.851387706955263,-8.273046047857909
2000-05-19,13.648142843670467,-10.499997587381191,9.636373578775984,-8.098704485041974
2000-05-20,14.19748790192196,-10.637875613374778,12.356340255471185,-7.755235867064784
2000-05-21,14.002397770833864,-12.382744380397687,13.139769842257333,-9.911492219295916
2000-05-22,14.90142142068242,-13.145481011645332,13.788573559853912,-10.537782950147752
2000-05-23,14.907348527441908,-13.325524025937959,13.46316701811943,-10.62954676018212
2000-05-24,14.448270748416077,-15.539327883993293,13.482787973252586,-12.027638972108972
2000-05-25,15.67321621447938,-13.98236770458602,14.427025085483342,-11.23888329710901
2000-05-26,16.221915024720843,-13.395187605214952,14.315786352287065,-12.001359545957296
2000-05-27,18.078653428701593,-12.08208767816234,15.473628153765622,-11.754772257253666
2000-05-28,15.835375850895371,-10.915774379606255,14.910314772420069,-12.60060403736634
2000-05-29,15.206256880896603,-10.055400540008218,14.565586287191389,-12.679901262764856
2000-05-30,13.929641753197457,-8.335776932203318,14.110393199753963,-12.583626973343634
2000-05-31,14.175653174330678,-8.933281025158399,13.79453790291818,-11.48135312597058
2000-06-01,14.348853817710808,-8.86483883414309,15.050632982890114,-11.362009011681698
2000-06-02,15.596135299828719,-7.964572885102993,14.12468218316676,-11.335163454634833
2000-06-03,15.33186527719186,-7.718994634912228,15.134251828152786,-10.478400927399951
2000-06-04,12.696160691908245,-7.697745651273423,15.661301200096855,-10.747963453288316
2000-06-05,12.393720258718082,-6.7730829789536005,15.658463593017274,-11.017105027553026
2000-06-06,11.413497374912138,-6.1607166458975735,15.067938028946784,-10.473435327567406
2000-06-07,12.351581596830378,-6.335683891588019,16.592737181930207,-9.40314626642353
2000-06-08,12.35906277271038,-8.433000734073152,17.061326632710784,-11.175866643251988
2000-06-09,11.567351131677672,-7.800654468985468,16.691709918704948,-11.23113882725716
2000-06-10,9.849238833547409,-8.499367414413811,17.715522231541257,-11.209001358598782
2000-06-11,9.276971037751332,-7.513396491939385,16.40705242848398,-11.403668626345233
2000-06-12,8.18279119671495,-6.465462685735112,15.883106174529797,-12.106190068642789
2000-06-13,7.950687670978786,-7.724484072862363,15.903393118682716,-13.459263840926795
2000-06-14,9.251586945380621,-6.863816447793283,17.372193412428327,-15.128695793100457
2000-06-15,9.828399386797894,-7.6830652982145535,17.362826847074608,-13.362669407546065
2000-06-16,10.225047223741493,-9.384445236930787,18.079850276348783,-14.33351006883718
2000-06-17,10.883086206822773,-9.456469541219539,17.0111429301433,-13.353867266932468
2000-06-18,11.073280677356317,-7.601815437112781,17.64869825470562,-13.813134006347067
2000-06-19,11.089792268800295,-7.677223305790045,19.177238462773737,-12.801856749673131
2000-06-20,11.456675980553271,-8.021753390655869,19.564009972810332,-13.489287876614696
2000-06-21,10.084493443412146,-8.14595689608891,18.957988806167783,-13.104954813949488
2000-06-22,11.011639765000822,-8.25873698518664,18.27257774212653,-13.155232368726361
2000-06-23,10.091387789840473,-7.456769009089398,17.908251567268533,-13.507346748597255
2000-06-24,8.923014359523128,-7.686223384024098,17.610722436643936,-13.402775056902408
2000-06-25,9.312876717615197,-8.687276957026322,18.428979108286804,-14.58684115703273
2000-06-26,9.129923871662692,-8.402871795964243,18.880241121405618,-11.687931290784949
2000-06-27,9.623786760774507,-7.07025030296221,18.438172972964885,-11.592721091167501
2000-06-28,11.928504184691063,-8.228180542976844,17.53864692998154,-10.329209739956141
2000-06-29,11.983161221681463,-8.51216256428408,17.6114947195472,-9.168184275191408
2000-06-30,11.312283938569893,-6.724337971151406,18.13715387143617,-10.605508472382096
2000-07-01,10.130278075470471,-8.16794805234481,18.99076853527611,-10.220299145954447
2000-07-02,10.065236306427325,-9.811764278572003,17.790311746767916,-9.381388919501534
2000-07-03,10.435748120154543,-9.035444492135035,19.306642570851604,-11.927511713829386
2000-07-04,10.460589839608145,-8.85841106846686,19.66970770643114,-12.666617194506713
2000-07-05,10.106653267646815,-8.129789126401288,19.4586328440299,-13.22915044357268
2000-07-06,11.953581833081264,-8.227915514741058,20.435907836371754,-14.090364611744254
2000-07-07,12.435172145188755,-6.8557436084193,21.301967087984842,-15.169952491482931
2000-07-08,12.994157097425974,-6.89738451368326,22.767924749890017,-15.563536975884242
2000-07-09,13.594515129279644,-7.076168429461474,23.780855628109727,-17.636042558621916
2000-07-10,12.940926841934909,-7.702608470561166,23.232571331340207,-17.898076383166586
2000-07-11,12.260735410908476,-9.278867075981603,22.63047860516186,-17.87203964995245
2000-07-12,11.658511348924517,-7.82295351843694,20.202486958604325,-15.717850574703107
2000-07-13,10.714498236427525,-6.328131805476505,20.546306044683256,-16.638413497657442
2000-07-14,13.760644573731511,-5.9558776971058744,20.092490136025432,-16.980125323500356
2000-07-15,10.494782721956943,-5.48060253148765,20.49144770133803,-18.462935253856774
2000-07-16,11.01168682466944,-6.634200974705875,20.54145302271403,-18.16501850364872
2000-07-17,11.456442576672215,-7.712398138178501,23.016178764944467,-20.35107061233486
2000-07-18,11.677161758784191,-8.57800412808597,22.038300898534697,-21.51220681779768
2000-07-19,10.380901787428263,-7.337327861681102,22.060060866972925,-21.338045387611995
2000-07-20,9.518301418773419,-8.423680893222993,21.946159691544104,-19.726232943176303
2000-07-21,8.305031776208605,-7.77625485097953,19.8299082354263,-19.67438690108764
2000-07-22,7.796573593157081,-7.5185876010322925,20.302075791421867,-19.77839544509508
2000-07-23,5.814477241010442,-6.632477080822385,19.686984092132494,-18.956532926512708
2000-07-24,3.697232146572644,-6.80211030626699,21.318060035557746,-19.283396263481347
2000-07-25,4.80708324976188,-7.148819862827333,22.618056561336658,-19.362711352758044
2000-07-26,4.400128193074283,-6.123280373121821,22.340515296582105,-20.119998889621936
2000-07-27,5.852488049256587,-7.161371678084629,21.973469056905408,-20.159317955849133
2000-07-28,5.730004288173425,-5.109467546789142,22.54360974640645,-20.368387993704633
2000-07-29,5.743851650658095,-4.316884115322248,20.736873295973847,-19.492128476324442
2000-07-30,5.0018499937390155,-4.036525191276267,20.541699170020845,-19.99447180963046
2000-07-31,4.750287201570691,-5.840333431649497,18.522198952927234,-20.901229476688513
2000-08-01,5.6618677937841175,-6.065313210266347,19.411663297384937,-21.68497581965497
2000-08-02,4.371962664643928,-6.175159092583826,19.585284748378687,-23.17886715196958
2000-08-03,4.750103445330434,-6.493826801898374,19.948442758560358,-20.891853323397363
2000-08-04,3.545235142598655,-6.032602295592802,18.853279597602842,-21.76790891617433
2000-08-05,3.0120218034159474,-6.811839437401894,19.377242858633558,-20.88852263628599
2000-08-06,3.120435877958908,-7.93281336437655,18.480096656183985,-21.50481322091906
2000-08-07,4.533880245569693,-10.256823451269058,18.973691231243674,-20.30058932258922
2000-08-08,4.829769268300564,-9.621347184072166,17.389778003114177,-20.228332015602675
2000-08-09,4.46698777712181,-8.992789706085857,17.099111129383527,-19.111409398338893
2000-08-10,4.659696758805783,-10.468610049987156,18.156297312657788,-18.924084089963504
2000-08-11,4.930667195188211,-11.200576130528008,17.695963829815497,-19.892735419967977
2000-08-12,4.490635195583907,-10.72184338487719,16.110167785493534,-21.355267358897862
2000-08-13,4.627426820774417,-11.062253961453607,15.2839747018471,-22.102955828851783
2000-08-14,6.613734091674121,-12.061346750751268,14.494293090455255,-23.231281613703505
2000-08-15,6.585978538402131,-10.582172404756678,13.788344796382024,-23.91033586598964
2000-08-16,5.006306759963904,-12.63856725619453,13.860459175785625,-23.648539258567236
2000-08-17,5.192320283385112,-11.965402592611014,13.996959468409734,-22.816854387819564
2000-08-18,3.9755506654167707,-12.383680334619463,13.643426371640222,-24.972655643580808
2000-08-19,3.4669932129233154,-11.931546547538428,13.183660566032666,-25.062642463661792
2000-08-20,1.9722142271867749,-14.204188946181272,11.898033557429804,-25.055989347851675
2000-08-21,2.1203026970630394,-14.059850921149055,11.339200143578609,-24.71812242519063
2000-08-22,2.6935966577243446,-14.734262957194195,12.143174678396953,-23.736025856595923
2000-08-23,4.632392200422293,-13.656676703904116,9.388617489660456,-23.614252739613818
2000-08-24,5.636692189451362,-12.53333957199122,10.128366675806813,-23.5112370821824
2000-08-25,4.12257244800213,-14.114524017824932,8.268283947301782,-23.116092983823304
2000-08-26,5.273473101681034,-14.1181786687504,8.345265347018342,-23.41338855460253
2000-08-27,6.128038584790457,-12.348738202537238,7.588417357655352,-22.733758437991174
2000-08-28,5.593163604431227,-13.048661408306995,6.491896539767156,-21.132389520793666
2000-08-29,6.431588294661698,-13.515621597846488,6.815950971632273,-20.680211220156014
2000-08-30,4.588778564185214,-14.547626686413553,5.342238631870945,-19.149232654914602
2000-08-31,4.636425568554284,-14.240386219476994,6.572290898534398,-19.473695543848805
2000-09-01,3.9911425941195833,-15.112110868927028,5.148199125151898,-17.49833558523269
2000-09-02,3.5356752476540882,-15.04336996778731,6.435668155130868,-19.30337906347798
2000-09-03,2.7302040043587454,-16.306082917633443,6.246623379443156,-18.605897966425317
2000-09-04,2.9319294728787466,-15.307102290893923,4.176100752656417,-19.242672672482716
2000-09-05,2.41753316479114,-15.821472070087344,2.4071815522778053,-17.458369822598534
2000-09-06,2.1312356971956308,-15.203643800707393,2.430616269466626,-16.70255357038717
2000-09-07,1.6451650530649031,-15.652422459037371,3.669695449326259,-18.659686078681304
2000-09-08,1.241503923784041,-14.143585625960089,2.862647369762553,-19.971698854666734
2000-09-09,1.3572009061910908,-12.084008197930983,3.169146961351383,-21.236675878714017
2000-09-10,0.016840261694613057,-12.17047309033645,3.1029184817947573,-20.762098041971523
2000-09-11,-0.23897215679242179,-12.650172887701366,2.1674889946973526,-21.953038475816637
2000-09-12,-1.033251162816406,-9.753719007138049,2.04809795715703,-21.941661283978764
2000-09-13,-0.8106863035060357,-9.237733362414069,1.5893448828547891,-19.64017510054465
2000-09-14,-1.2514920942535406,-9.748699251482002,0.9457322609635086,-20.79204487901393
2000-09-15,-2.4973214712823544,-8.327429315789113,-0.17673685125088445,-19.590581048625147
2000-09-16,-3.4758506611888484,-8.382010792944941,0.5749323431130415,-19.85764103551227
2000-09-17,-4.013349643451847,-8.252280597273778,1.5164418240157493,-19.929535841907402
2000-09-18,-5.836582929543913,-8.5409161480651,-0.054811566949049206,-18.930423284557357
2000-09-19,-5.323636805701147,-8.963282282563727,0.1494282573549726,-17.63098575296027
2000-09-20,-6.643212213383151,-9.344531549357471,-0.09112029857987947,-18.62690290608712
2000-09-21,-7.7782447817612805,-8.987775795742966,-0.5285629150044926,-17.95765892827538
2000-09-22,-6.830633292469699,-7.14140392645189,-0.6687780970970854,-18.033841060757904
2000-09-23,-7.383855084793093,-8.058793864646578,-1.0053287699236255,-20.537908027988884
2000-09-24,-4.764441693189551,-8.506232442874554,-0.503431953479344,-21.33458303979627
2000-09-25,-4.391118601425241,-8.958033590310178,-1.8178199627164067,-21.83480554962241
2000-09-26,-5.42058693133936,-8.859788326546964,-3.092397319235892,-20.71573837844888
2000-09-27,-5.9523390681983575,-9.070496487085254,-2.6221645700937977,-20.96740827240091
2000-09-28,-4.736472408913215,-7.447423572039016,-2.209834307176756,-21.03105646209176
2000-09-29,-5.400128440943758,-8.212075978586274,-0.5620709924690357,-19.956077135936578
2000-09-30,-4.519890027996553,-6.924797172644708,-1.6191156268662297,-19.39137261544961
2000-10-01,-3.5410019929963115,-6.786097486718549,-2.1537074684569313,-18.673528114096637
2000-10-02,-3.5549813369831735,-7.320786373405358,-2.665546729008627,-19.229877544464067
2000-10-03,-4.924543707792792,-7.495908637316097,-2.8150681521036267,-18.88679250193078
2000-10-04,-5.890958245280948,-7.391014121536002,-3.2128647759526126,-17.01318662989799
2000-10-05,-5.7406450488526,-6.2973679666658295,-1.280394918594446,-17.288619093400865
2000-10-06,-6.96346280092329,-7.2326406216650225,-1.1285069350815058,-16.664373560223957
2000-10-07,-6.399718310406448,-7.888712166835729,-0.9957499735478714,-16.75379412134504
2000-10-08,-6.906069960590095,-7.557215952352228,0.06815245999053499,-16.575409362609243
2000-10-09,-6.331586217926405,-8.198474505050308,-0.24486461367242318,-15.628439216893584
2000-10-10,-7.339132565446299,-8.128478709387023,-0.31667726105547606,-15.162027441716061
2000-10-11,-7.492958363840815,-9.309275968118403,-1.6401410880454754,-14.828698228603486
2000-10-12,-7.188364803690534,-9.016209021506315,-1.3136134106744937,-14.552665264430726
2000-10-13,-7.796891428921692,-10.652551089631247,-1.5783533387368727,-13.706650337350512
2000-10-14,-8.666448056492953,-10.760914090500918,-0.7221759902065904,-12.425887058229954
2000-10-15,-10.254277792660107,-11.418073280304059,-1.309427207708036,-12.704297013435365
2000-10-16,-10.396776110384732,-11.027247991103962,-1.7074339557813887,-12.31319423041406
2000-10-17,-10.665942010680439,-9.329847738624581,-1.991702852151681,-12.211598861422654
2000-10-18,-10.010181630744388,-9.288747585141092,-0.2196402113592102,-12.653791391030488
2000-10-19,-10.322088094571182,-9.522190050050469,1.5426021250065458,-12.49202358444542
2000-10-20,-10.168625920374424,-9.180297783380832,1.9431463816868826,-12.803257627070415
2000-10-21,-9.070380176792819,-9.959258824215901,2.8789221981196427,-12.6191502960266
2000-10-22,-8.413503240986204,-9.026899491804857,2.961481564601698,-12.786122241789233
2000-10-23,-9.165454095234077,-8.856982897067459,4.296210920753889,-13.610766832172683
2000-10-24,-10.109085989039421,-9.326953461392932,3.9983577869343887,-12.50339964339077
2000-10-25,-10.395130205666252,-9.034048031539967,4.5221061771601905,-14.612386608442778
2000-10-26,-10.150411864334602,-8.986045897374742,3.9366880248040803,-13.390657290843931
2000-10-27,-9.71374583031289,-10.615816081174827,5.976677419891134,-13.37823227121185
2000-10-28,-8.082798602908023,-12.62168686367481,5.175922640609809,-13.257875856442448
2000-10-29,-7.775157435684689,-12.863163059866414,2.4736574237130955,-12.385808057549786
2000-10-30,-9.962509144143105,-13.135411499351966,2.7936398233713766,-12.201529296808227
2000-10-31,-9.128240066461037,-12.601893256872762,3.35125799324191,-12.54308682944975
2000-11-01,-8.732376325265507,-13.555837445290365,3.6840334746039263,-12.489740146065078
2000-11-02,-10.079729891540218,-12.35751299548841,4.154349376464291,-12.753875536704237
2000-11-03,-10.466312966539439,-13.259867523493082,3.804272373474,-11.90202020823491
2000-11-04,-10.849093070849591,-13.928289147072277,3.4445131251461705,-10.601620470266262
2000-11-05,-13.069061696972016,-14.046708589792019,3.495135897663226,-10.862816790171337
2000-11-06,-15.446417380794529,-13.471200357808389,2.534112069211904,-12.120537982476998
2000-11-07,-14.211437227323179,-13.192753952754792,3.93722437453303,-11.90138682064961
2000-11-08,-15.385874055990783,-12.743652635097622,3.6200846260869564,-12.229331897405306
2000-11-09,-14.058294903785878,-13.486159100034248,4.108582091891033,-14.355474927062431
2000-11-10,-13.323122287327562,-14.740537861601311,3.170207352985965,-14.641850417160105
2000-11-11,-12.86825129819538,-15.830872162325177,4.560082115147243,-13.583527275873653
2000-11-12,-12.471672438088177,-15.041038354134251,3.0082478387210365,-13.703167050160387
2000-11-13,-11.42853260131262,-14.526618281987766,3.9930052778707363,-13.693228053665953
2000-11-14,-10.66569034111923,-15.161904816798419,4.5132346001049735,-12.814850258187752
2000-11-15,-10.9856933901112,-14.793667035597956,3.200741128036358,-11.84064010101724
2000-11-16,-10.67217351963636,-13.9016700148826,2.3145179340218482,-11.299725207683625
2000-11-17,-10.026476365978882,-15.262425704753186,3.0205122623556724,-11.280039113526799
2000-11-18,-10.429057151416073,-15.233349619166555,3.8479366415780856,-9.486198971088118
2000-11-19,-8.696342786831039,-15.806799141369577,4.365088039952988,-9.139053883065333
2000-11-20,-6.911272390114802,-16.044282173361545,4.254023281120671,-7.684501720724553
2000-11-21,-8.100847823979748,-13.800954835362976,5.753142771099012,-8.676707283593657
2000-11-22,-7.364488247405135,-14.373185399036952,6.831511738149079,-8.48460509664351
2000-11-23,-6.8435567926887035,-13.105999029001287,7.0372586501545,-7.635920980869464
2000-11-24,-6.160434904234605,-13.949818991625149,7.397372424839292,-7.79465950554506
2000-11-25,-5.665770357804043,-13.534731744471504,7.890055916745686,-9.57227685301687
2000-11-26,-5.927637985761814,-15.267914516983177,8.357913389955083,-8.477854304723072
2000-11-27,-7.475594408597595,-14.166695941480008,9.311237362318867,-7.487687405636729
2000-11-28,-6.267178642514525,-13.768575583782658,9.318581493890454,-7.093156442972138
2000-11-29,-5.170935450548837,-13.709617101724486,9.688609628804521,-5.512850683041398
2000-11-30,-5.730948900802568,-14.460772739300303,10.34764236741064,-3.4500269812440987
2000-12-01,-6.626035846375755,-13.16155662447906,9.091034088875166,-4.904939559996193
2000-12-02,-9.243146052461118,-15.568252310140766,9.855060837558748,-5.196788323597361
2000-12-03,-10.174440061270616,-16.41824063618568,9.62472679351139,-7.861317933791227
2000-12-04,-9.98437936084282,-17.1570020578894,8.708445602818186,-9.320146624036969
2000-12-05,-9.299079866080415,-16.307846532124017,7.773182855590429,-9.289753664876885
2000-12-06,-8.164350029540932,-17.78699548331742,6.987443829579288,-10.003387175461024
2000-12-07,-8.360256209751896,-18.650174698665843,6.048322287872818,-9.349667890527318
2000-12-08,-8.18664071697928,-17.511113402206483,6.788666183399546,-7.697471437328204
2000-12-09,-8.012263608331203,-16.397764776503497,7.994053439517383,-6.601179826950501
2000-12-10,-8.159843024204484,-15.695848603411607,6.698160626162011,-7.484201763266579
2000-12-11,-7.51783685001026,-15.734143174498683,7.351777211024965,-7.520969816512775
2000-12-12,-6.061512862621635,-15.856575218285101,8.074567838648878,-8.17850598405336
2000-12-13,-7.941021995583257,-16.304586550074667,7.819234366488132,-8.413038514420403
2000-12-14,-6.4613406833287605,-16.473441586963183,8.85076568527217,-9.490866047633899
2000-12-15,-6.912507383787818,-15.454383639675065,6.91769069870832,-11.838728416884466
2000-12-16,-7.622922329068835,-15.347847107629413,6.783689630332406,-13.788347053812084
2000-12-17,-7.60428000370313,-14.375134549849653,7.617130682434995,-14.037972597438948
2000-12-18,-6.742995162973724,-14.224867934924681,9.366138993718373,-12.941487552502215
2000-12-19,-6.439869225784492,-14.894322904244259,10.464646412747047,-12.725816043281537
2000-12-20,-5.333280580815242,-14.850221711364473,12.292958899088184,-13.69262171384005
2000-12-21,-5.239704213936945,-15.186318261143045,12.637100976405337,-12.766105122534691
2000-12-22,-6.79031454806775,-15.089919716670996,13.639235247660018,-13.017709597081705
2000-12-23,-7.083378438899377,-16.895607342001625,13.816526616181484,-12.62342843826119
2000-12-24,-7.000387313515623,-17.03318786470439,14.191307014946792,-11.543843889405139
2000-12-25,-6.489289671116225,-18.03198610924158,15.178001365982155,-13.72408283163784
2000-12-26,-6.429292255305201,-16.073008773637376,17.45356749323102,-12.628336304965575
2000-12-27,-5.283132020097884,-17.30307009551484,17.81836024782058,-11.808845773731054
2000-12-28,-6.120596559450245,-17.66854087431441,18.298541389856993,-12.063113483174192
2000-12-29,-5.536034911066068,-16.398282109466408,17.249280990633732,-12.798465020543674
2000-12-30,-3.443587301012615,-18.206829095100108,17.508224609600287,-13.928323937928704
2000-12-31,-3.320515268201865,-17.775240517529653,18.551019355924048,-13.072029861806673
2001-01-01,-2.426234483822453,-17.15615792433642,19.20067849908712,-13.033445538062935
2001-01-02,-1.6064433916205783,-18.710918695511207,19.241026081810528,-11.817523611870211
2001-01-03,-0.4029655457558645,-18.427534812322886,18.65699937098444,-13.291071367552497
2001-01-04,-1.0876843483726444,-17.68419145147849,19.025218694275825,-12.356623274841409
2001-01-05,-1.659003853935229,-16.661678422281184,18.72798656613409,-11.176482301771344
2001-01-06,-2.731615220327719,-16.853487442875043,19.537752849397513,-11.4510409368957
2001-01-07,-3.0319248966503745,-17.405458289292824,18.658416935121373,-10.629019355154531
2001-01-08,-4.8633808437121235,-18.83020450111563,17.607162357804878,-10.695520177215014
2001-01-09,-6.057346616850417,-18.395059593690714,17.929564144265854,-11.225099441595132
2001-01-10,-3.1698217079311517,-17.88222868341902,16.138259367520853,-11.579191276356536
2001-01-11,-3.74635984895045,-18.48284547995218,18.10781093406793,-12.691297108482562
2001-01-12,-3.661008244690893,-17.567953173191995,18.449266709866233,-12.089313872270646
2001-01-13,-3.3301075235081536,-16.60141413927244,19.063667683374895,-13.504721823064504
2001-01-14,-3.856424329628514,-16.217135115128453,16.998346724080378,-13.385276162710992
2001-01-15,-5.713079107451916,-15.509518676218663,17.030225407350702,-13.174220435535496
2001-01-16,-5.608844311442667,-15.535341679083595,16.688807828082137,-11.454534778387455
2001-01-17,-6.184686339140756,-15.74818223218528,16.88552157837901,-11.545916794223425
2001-01-18,-5.527395917662364,-17.53665758335381,15.93395973606411,-10.636457613954775
2001-01-19,-6.097828362083725,-18.315584638269836,16.050354946373556,-8.33618510331096
2001-01-20,-6.20955240049446,-17.174720906099637,15.79545020238492,-8.720543699814444
2001-01-21,-6.226381651758685,-17.900506812960867,15.84324784151251,-9.362022519549742
2001-01-22,-6.3425339888508505,-17.06307077231386,16.298078187638023,-11.11380329855061
2001-01-23,-7.261775833179879,-17.049131158254646,16.48009268778115,-10.936910825506503
2001-01-24,-6.89085479955902,-17.993307873704794,17.126706571420964,-10.175881510542535
2001-01-25,-7.001096300692802,-17.546699956159816,18.40607410955232,-10.893980005840453
2001-01-26,-6.403348953769117,-17.33560604464621,16.699140703372464,-12.663292840163043
2001-01-27,-3.8951508569019864,-17.151349027052085,16.810567226479446,-10.815350750708063
2001-01-28,-5.045204206097317,-17.24176986686864,17.53685402686601,-10.195087325525725
2001-01-29,-4.5858477035453475,-16.63468337365329,17.68622492948834,-11.902088885534075
2001-01-30,-6.0273643650209445,-16.258246029010287,16.636181192939798,-11.877456547740747
2001-01-31,-5.731972295545585,-17.19691776234066,18.26057167005003,-10.385069932555725
2001-02-01,-5.19241646958143,-16.097427729057564,19.084273395354558,-9.804316830660106
2001-02-02,-4.037981181017228,-15.247205285849118,18.101281953490464,-9.504835480253574
2001-02-03,-5.197136251129137,-14.850460282281933,16.904275509122474,-8.857381031265154
2001-02-04,-6.792371445379853,-15.177208827179772,16.641159261548243,-8.972343626538999
2001-02-05,-8.996325811523924,-16.420264339993476,17.1488120804991,-9.769851422599501
2001-02-06,-9.66861532796338,-16.50146148596308,17.63915321494824,-9.304532543630176
2001-02-07,-9.105838615177703,-16.456817199944947,16.527993009350755,-10.252067165553475
2001-02-08,-9.795890319805826,-16.571860121010694,16.36077010694098,-8.819474324336557
2001-02-09,-9.703878532897393,-17.21797796026981,16.888980329914798,-8.429248288858021
2001-02-10,-9.048198651286654,-17.36847545300404,15.740983910679438,-8.172565820900651
2001-02-11,-9.748796949264268,-17.9932416343678,17.428082235472395,-6.488132260529731
2001-02-12,-9.834711084509909,-18.196570264728727,15.815178725010968,-7.790712475129759
2001-02-13,-8.25359007509241,-21.10193417913423,17.57193078412942,-7.145051080559624
2001-02-14,-8.003065251500372,-22.131323100175187,17.238467097198733,-5.216651462519001
2001-02-15,-7.477917978245812,-22.844523088085808,15.31661375448017,-6.079151572418718
2001-02-16,-7.098071248581007,-22.596087602717446,13.703045899495542,-7.505136665074463
2001-02-17,-7.814110180776079,-21.418081077112515,14.267665248900117,-7.685056405080011
2001-02-18,-7.103809892700294,-21.257087730475227,15.373160053953512,-6.485991847189164
2001-02-19,-6.575575058228387,-21.172258699386582,16.8918830762462,-5.203482659234169
2001-02-20,-6.5723283329394215,-20.78370303549594,16.980857366774668,-6.114822104088518
2001-02-21,-7.530244955706098,-21.557241362099035,17.407493190078405,-6.095422678525737
2001-02-22,-10.21513938921289,-22.35570250295826,16.568272912774393,-4.9470694286341885
2001-02-23,-10.097039586641761,-22.70853565506162,16.960446411189693,-4.048735991277047
2001-02-24,-10.418826960069062,-23.630224101959243,16.06089916910502,-1.8350973240465525
2001-02-25,-9.496663017238701,-24.536938051662435,16.028503270499414,-1.2064242383999595
2001-02-26,-8.729443509159166,-24.695726986271577,16.455812047800354,-0.6372598602586242
2001-02-27,-9.714983516248953,-25.585575865860903,17.592251633173177,-0.8824624823022078
2001-02-28,-9.201768008517545,-26.108616208314974,16.501059146266876,-0.7774437484070007
2001-03-01,-10.114365582541952,-26.014367952631055,15.970312730878083,-2.5829724043290434
2001-03-02,-9.302226338805342,-25.305834404870627,15.31938098583635,-2.798337660584444
2001-03-03,-9.647414596693546,-25.266117796017518,15.366582309482226,-2.308651827346417
2001-03-04,-10.138221005788145,-24.44821511773174,14.92499348202655,-2.6238555744186183
2001-03-05,-8.791869787373754,-24.152763028363932,14.943917797525936,-1.669834716323703
2001-03-06,-8.471730536358564,-23.93378004771477,14.255349411591805,-2.038638584303964
2001-03-07,-9.841349576226918,-23.645449803167086,14.897066462018083,-2.2621280751846053
2001-03-08,-8.620544889407482,-22.095677769478357,13.456540430939347,-4.002131857274354
2001-03-09,-8.181681571939007,-21.85802418209406,13.609873011642444,-1.4617243212786573
2001-03-10,-8.680913923820547,-19.274425860718377,15.202735900593673,-0.7633465936428487
2001-03-11,-9.717340688726031,-19.453900948665492,16.133448196846146,-1.1177138579561317
2001-03-12,-9.593021784549956,-21.370382073187365,14.838496248428317,-2.245381190872412
2001-03-13,-9.836095129844965,-22.476522456260607,14.635439361926146,-3.272412727839689
2001-03-14,-9.18936699596392,-21.010344658908675,13.330494326859164,-2.2794516853092652
2001-03-15,-9.871211346956436,-19.099997703422382,12.473898400430263,-2.471941328117545
2001-03-16,-9.915953625890014,-19.825806394325657,10.932726189463837,-2.5262485368325556
2001-03-17,-11.358083633500328,-19.883330295244647,9.556207875546136,-2.905526347125898
2001-03-18,-10.20620799073068,-19.76067273858303,9.554698620434941,-3.102378535167439
2001-03-19,-8.730030428740148,-18.237475679803442,9.66049989689033,-2.1820982980275265
2001-03-20,-10.589589656300278,-17.954558732953807,9.817737341406978,-0.04481554166177437
2001-03-21,-9.79673953317112,-17.65295010208766,10.724391379492634,1.293710215403038
2001-03-22,-9.724483487076762,-19.167867632941135,10.168067983223168,2.8099481603118623
2001-03-23,-10.860201007161391,-17.518164523036997,9.874517568024922,1.901166885700276
2001-03-24,-11.218601317739221,-16.83520641423814,10.705930970711837,2.6223642652772017
2001-03-25,-10.657986492593675,-16.86497743689723,10.719057919299942,2.622428450181988
2001-03-26,-10.69671172623008,-16.813602214644465,11.18323741659512,2.2948524905956496
2001-03-27,-11.605831315055603,-17.461265140285356,11.604751903179318,1.4651959665294227
2001-03-28,-12.24646849174687,-18.17407858096662,11.869625486413758,-0.08868405968526649
2001-03-29,-10.715805202052938,-18.875671807204778,10.19007626380429,-0.5467161012700479
2001-03-30,-10.068086261462676,-19.772889413725032,9.312329997379415,-0.9750710486053462
2001-03-31,-11.473822313156553,-22.42538417125381,8.386062725788568,-1.8673714761483509
2001-04-01,-11.317757894687169,-22.567767962527167,8.342638033709067,-2.7813951216531674
2001-04-02,-11.12372500651274,-24.215919853797562,8.150846043765775,-2.2156272002131163
2001-04-03,-10.932155842863438,-23.136685436736315,7.681176365505694,-3.0777321747414366
2001-04-04,-11.407065829507367,-23.165349450620734,7.865655498188979,-5.056427991183877
2001-04-05,-12.11602848851042,-23.13742264068776,6.713141139937118,-5.232208004207411
2001-04-06,-11.40042368243928,-22.66695928937934,4.93839344975577,-5.0098687702252915
2001-04-07,-12.882429374807307,-22.452941006632216,4.278823524247623,-4.996448042924156
2001-04-08,-13.11605746430616,-22.207001472784125,4.459758608047565,-5.177453679293713
2001-04-09,-13.07478444715849,-22.26302108696385,5.1023918484441575,-5.004264029247489
2001-04-10,-12.373566068760717,-22.70743580700275,4.549566886519452,-4.002531425749203
2001-04-11,-11.519805076212547,-23.47879639239851,5.358414837712663,-4.67728182562449
2001-04-12,-11.997213850242131,-23.09482448801438,6.737415479179878,-6.210845957989468
2001-04-13,-11.612764854213033,-22.46028825351433,6.178261432727048,-7.665033007027298
2001-04-14,-10.248160645111712,-21.766837295317128,5.678566466493651,-6.775848774932994
2001-04-15,-9.596992353433322,-22.297843998849675,5.046936077088549,-5.599984142473862
2001-04-16,-10.006800239113131,-23.49820213007793,6.094131621338677,-5.2809641211665275
2001-04-17,-8.506948197934028,-23.983123357039336,4.892807358501502,-4.441624439271728
2001-04-18,-9.185900834218499,-23.37219373069346,4.225357953485857,-3.0858333084425347
2001-04-19,-8.36658795354346,-21.56540833320801,5.888745630571734,-4.247564928218862
2001-04-20,-7.408263923272592,-22.703486699530053,7.143570735835166,-3.884685317005677
2001-04-21,-6.952197652484376,-21.434213599016864,6.955412072543712,-2.312150395683507
2001-04-22,-6.913657547885943,-21.851859318191373,5.266476246490701,-2.609916233400769
2001-04-23,-8.276219583935884,-22.150336480986518,4.776537475999739,-1.1692259597173866
2001-04-24,-7.878691443252112,-23.019922739441224,4.474460781307272,-2.116223584210107
2001-04-25,-5.845831018044107,-21.492441979883786,5.091797020818098,-2.8680342961192324
2001-04-26,-4.866056086843814,-22.630263599535034,4.479913794329355,-3.9530327942939
2001-04-27,-4.598628894229342,-22.709673872082625,4.037925715469012,-5.682633310608383
2001-04-28,-4.753566880255957,-22.970014650257298,3.0431985318052797,-4.64568662901423
2001-04-29,-3.439918609775064,-22.708801569150882,4.382668114437603,-3.7101596412022837
2001-04-30,-2.649906254994334,-23.292114839808605,3.931729908323401,-3.628496529085769
2001-05-01,-3.2200833292663007,-22.476741137964925,1.9861361172683276,-1.5863809407909617
2001-05-02,-4.810497267807197,-22.5913818501791,2.902234568539722,-1.2891105674219112
2001-05-03,-5.581225513248478,-23.42469238231624,2.4470832977640367,-1.7163203897114396
2001-05-04,-4.912176079482669,-22.02757086994627,3.563484740022318,-2.089055423090072
2001-05-05,-5.563847773224689,-20.81212664146931,3.5367007792314906,-2.068803350823143
2001-05-06,-5.436351844981006,-19.725979238085284,5.246885700916617,-2.35242879372483
2001-05-07,-5.847070337636923,-19.842948672607022,3.8850907618752113,-2.032981013747222
2001-05-08,-4.3925573874020785,-18.34482663556976,4.784929207417391,-2.7700218846294193
2001-05-09,-3.307368383245284,-18.76617861498484,5.259958858667486,-3.3673475292058255
2001-05-10,-3.5331600733783692,-18.141942281535083,5.379265481426268,-2.1579664571885284
2001-05-11,-3.8095932622100506,-20.03489941414831,5.363263341795084,-0.5813004999056506
2001-05-12,-3.157712428494681,-19.563624991754853,6.187182418169437,-1.1848651981299287
2001-05-13,-5.2330089155294885,-18.545393701313934,6.082247552144646,-0.3629007100205959
2001-05-14,-4.829078389562369,-19.725313233887633,6.702995487582598,0.15529524222947821
2001-05-15,-4.934362016421709,-17.098837415919668,6.677482626440025,0.7199401579341999
2001-05-16,-6.184229876887912,-16.349038841543123,7.594245385486685,1.754931737879578
2001-05-17,-6.587845706794599,-16.520913334186666,6.670298722859652,1.9038928453852075
2001-05-18,-7.227112664705925,-16.032049860466586,7.127350172209663,1.914412658381135
2001-05-19,-7.664468831541504,-15.376407912515738,6.025896728343502,2.75858146230336
2001-05-20,-8.517231398483634,-17.926797265263755,7.844415057367209,1.4969846183556332
2001-05-21,-10.054406501804994,-16.390588081023996,8.866792859446456,1.2671388566070814
2001-05-22,-11.02215981868911,-17.287590074547527,8.064179211420209,0.8033072985082907
2001-05-23,-11.113036564429008,-17.824059460662493,7.789764183144814,0.675902009057258
2001-05-24,-10.693038336986648,-18.76646572283486,8.512464292609772,0.8471710097383567
2001-05-25,-9.0863256138066,-19.317218920167587,9.002220601413221,-0.4462450442830803
2001-05-26,-9.44888376381891,-18.962463810252565,10.417412833370017,0.4638396570103003
2001-05-27,-9.273958420595227,-19.92856749430384,9.893091562249424,-0.05922876250876408
2001-05-28,-9.758472881168178,-19.422143683961856,10.082505495779111,-0.01600696653783669
2001-05-29,-9.917685495081278,-18.886835402788893,9.524266428989877,-0.03570503553117327
2001-05-30,-10.205311587481035,-18.432099344283465,9.299618730623125,1.897441681638433
2001-05-31,-10.282565117967359,-16.85233085993084,10.943804813494667,2.1064896952179986
2001-06-01,-10.546282143101823,-15.803568235214934,9.94291195488375,4.236361473110489
2001-06-02,-10.164642692677445,-15.94478755093032,11.18946480600039,3.0138150508272163
2001-06-03,-9.942705638439215,-15.742450483496956,11.770201995105056,3.1848785698591584
2001-06-04,-8.349262201488333,-13.791043702240373,13.182311872513997,4.161011170277222
2001-06-05,-8.816067220857894,-12.739780674489712,13.530339882906333,4.6752699863004565
2001-06-06,-8.070889722552158,-14.025673598836265,12.493749691573685,5.285214629807328
2001-06-07,-7.443447558151091,-15.172223321612963,11.837724367596245,5.127434783433438
2001-06-08,-8.55071997425291,-15.400458042766012,13.625388696982194,6.255349176948534
2001-06-09,-8.246679648698235,-14.260741391598165,14.534456041263036,5.994626748765892
2001-06-10,-6.57264327958875,-14.736359325005987,14.937534943201733,5.629456225018881
2001-06-11,-4.7631299798586175,-13.579326717211755,16.272789982416096,7.063093521513078
2001-06-12,-4.550493357042279,-13.326941603950573,15.837167116543851,7.7796516516320535
2001-06-13,-4.487917673970923,-15.09887525054781,14.848082122605444,7.924705279523641
2001-06-14,-4.470881444005635,-14.316344762402535,15.558357323633171,6.862456483583111
2001-06-15,-3.4583462378191783,-16.87703557467023,16.93056003500538,6.898808188628163
2001-06-16,-3.1081446007211193,-18.2188138729831,18.902979279883915,7.556131168289195
2001-06-17,-2.9482006239853784,-20.184389402213046,19.257577365837914,7.139684356525201
2001-06-18,-2.2069113341012776,-17.966960856056193,19.36272911958506,7.648908015708667
2001-06-19,-1.580313314774795,-16.33054510824372,20.677702481336283,8.345045047984247
2001-06-20,-0.7521051462346712,-16.586210330585747,21.437217116193587,8.864499494599979
2001-06-21,-1.4709088988574606,-16.768006317859715,21.20350659656371,7.9858432186781485
2001-06-22,-1.0178621204186982,-18.0007652106825,20.68310659570689,9.14175173229332
2001-06-23,-2.5214112503860315,-18.878079430432138,20.721823266177566,8.436631460284515
2001-06-24,-2.3679108615201434,-21.034818573124028,20.480592283493664,8.310019381207782
2001-06-25,-3.3564791448648577,-22.291992256759684,18.873823103577557,7.57579178868859
2001-06-26,-2.142187306619185,-22.456289594997685,18.44587461867538,8.135935841470666
2001-06-27,-1.65477313454091,-22.984642334823686,21.664795985245043,7.644781158877895
2001-06-28,-2.483883377237094,-22.15748385815142,21.59038841356779,7.549119430602375
2001-06-29,-3.878459010632418,-21.099211721627103,21.28226619208594,8.459388895266818
2001-06-30,-3.771634394790498,-19.762450298497523,19.08780390071739,9.980359044993625
2001-07-01,-2.5825112682736355,-20.883412629838425,17.604020353586066,8.25814290535862
2001-07-02,-0.5786466515640369,-22.474199015277797,18.010898602734443,8.764753568835031
2001-07-03,-0.2543713424805072,-21.684013476518615,18.05778313455761,8.140902096298666
2001-07-04,0.16065485621255743,-21.980390145250585,18.102116950465238,7.731659847835424
2001-07-05,0.8308728374095067,-22.897719667347953,18.90970429385576,8.5347878778746
2001-07-06,0.5551531720397478,-22.558906785886467,18.70664148081377,7.631117717575967
2001-07-07,1.2096165177636706,-23.155619442283204,18.181587991044506,6.759393189491736
2001-07-08,2.0332761483519373,-25.34335232102625,17.474692743776117,6.918092743763902
2001-07-09,1.7298125992719213,-26.407519494113004,17.904336343639937,6.051677120583051
2001-07-10,3.025881958800671,-26.77679817056125,17.436558658157615,5.4637641162887665
2001-07-11,3.07333220587831,-27.28283605286234,19.604457431159407,6.007913342508883
2001-07-12,2.7420573855577013,-27.797056277433427,19.697228389753295,5.497597315744953
2001-07-13,2.8912016686835216,-28.73735502941684,20.13404742766357,5.7940779762561565
2001-07-14,1.3165310253119604,-29.971250046616046,19.980708747031418,5.633679915746973
2001-07-15,3.2103388102943944,-28.850709197772037,20.476411525164036,6.184271234260797
2001-07-16,4.545478703148537,-28.44541118214415,20.82881345199024,6.1427352211370065
2001-07-17,5.5863206005632495,-28.404499980513805,20.505156228373693,6.545047003894593
2001-07-18,4.81068626757679,-27.018103520654385,20.294230155761763,5.266492575466055
2001-07-19,5.023816661886342,-25.221365601479135,18.773263660022295,6.769438933966321
2001-07-20,4.528804708716948,-25.0099714801905,19.053240508575,8.074459741668395
2001-07-21,3.794579796273072,-25.007688249798612,20.194458932401805,8.207290708931078
2001-07-22,4.02828193987251,-26.05321524823151,18.31879471824261,9.796640027594881
2001-07-23,5.225273000241714,-26.003496581303796,19.163844673444917,9.632127514521542
2001-07-24,5.6946979559777136,-27.704910178389472,17.76481436628292,9.205930009877763
2001-07-25,4.583368128368908,-26.60891178107603,17.634241014503804,11.190900476699902
2001-07-26,3.6781350389948977,-27.366431651052185,15.769735695738424,10.61652680924976
2001-07-27,4.54889928325871,-26.42755294349047,14.696681971072584,13.559452450611229
2001-07-28,2.8126295396013488,-25.845517841695372,15.672299216184513,12.769889436507441
2001-07-29,2.9636541335674336,-25.409205788801582,16.55972334530725,11.980062368179915
2001-07-30,3.5087040946574075,-24.59932245784689,15.244924055308102,11.211790682334588
2001-07-31,4.454874740908237,-24.629603167581255,14.588273346153201,9.950970627170248
2001-08-01,3.9885407610338133,-26.614687997195595,15.762861107314214,9.214318349711164
2001-08-02,4.601138041623418,-25.504291307111885,16.192137163225233,8.840594705395121
2001-08-03,6.028199644014804,-25.9188209787694,16.575488687927706,8.010368865999812
2001-08-04,4.693189280713731,-26.603386448350832,16.11187007372548,8.452137605484301
2001-08-05,5.182556551362595,-27.04018168131792,16.80633014483055,8.41545628655333
2001-08-06,3.373942795147613,-26.63035266744571,17.678569721624037,7.947584751342236
2001-08-07,3.616219038116625,-24.768240482279765,16.925669859704154,8.623733940729574
2001-08-08,3.1610950693586424,-24.800318218454887,16.46228007381348,7.0869041609891665
2001-08-09,4.729440615005437,-24.392999976604294,14.732967157110787,6.632268595724657
2001-08-10,4.53429251393766,-22.772790061408642,15.396235372265698,7.997292723864026
2001-08-11,3.978798377568242,-21.588555103139065,15.764811894567583,8.12309111529798
2001-08-12,4.100754986783137,-22.084876211955304,14.560308726438574,6.7978252192973
2001-08-13,4.824276156973156,-21.738101597615138,16.20918169253444,7.694170574402248
2001-08-14,4.496816202438878,-20.332092456774014,16.367851873516692,7.6291372410058305
2001-08-15,5.37560703712396,-20.265238914687952,14.205159870455699,8.607186980632743
2001-08-16,6.792385072425726,-20.133481428512027,14.914514820161335,6.722374974206778
2001-08-17,6.115180997776179,-17.828804957236912,13.137815564651497,5.046404796171354
2001-08-18,6.493459354302919,-16.593091286540883,13.17538171888437,5.828279062246784
2001-08-19,7.763593811010471,-15.388053135293424,12.437636581090207,5.6327078165942135
2001-08-20,7.698282568467394,-16.714472228293026,11.876307331957275,4.740877074693346
2001-08-21,7.991562270277344,-18.118810274894173,13.689303915134985,6.14883640633141
2001-08-22,8.029847358311464,-20.3853786971296,14.62174825130082,6.712376406229005
2001-08-23,8.3768630715199,-19.753072364397454,14.432791106403025,5.174543874229488
2001-08-24,7.265501661708522,-19.31163782373649,16.244294166626986,4.4426940057478985
2001-08-25,9.98275349032035,-20.5266983817784,17.43770393056309,4.514574028595709
2001-08-26,10.795848203876194,-21.67021592468178,17.304455620437746,4.789183997814406
2001-08-27,11.787539671059772,-22.799975149252543,17.351708775088177,4.507912141369651
2001-08-28,12.362642713296905,-22.50152503812195,17.209512243694306,3.9016917994011635
2001-08-29,13.232583499261853,-22.737977331036333,20.35224643043357,4.377022730996635
2001-08-30,13.932166166473843,-23.594927397287112,20.049051546057488,5.675260645546123
2001-08-31,13.143885957967834,-24.15586484857004,18.43667568332307,4.8911277160337985
2001-09-01,13.717589253167368,-25.074690165347473,17.873943536277803,4.85078278293599
2001-09-02,13.381923449541194,-26.41463680118656,18.425951403400912,3.105063896674902
2001-09-03,11.691456179990976,-25.828046182640936,18.884042325763556,0.6410720642649714
2001-09-04,10.82294517298787,-25.072977376510615,19.52723058877445,-0.707898701904637
2001-09-05,11.523877754205442,-24.22998963174846,19.039472200842926,-0.41099576894334644
2001-09-06,10.976236194738748,-24.149367664348595,19.85785343367524,-0.721477817782275
2001-09-07,11.158104301115676,-24.43281413475342,19.51774937641331,-1.4296609109981235
2001-09-08,9.646949577250753,-25.759266412479697,19.111857962506612,-0.6985192330803328
2001-09-09,11.213313548217023,-26.512580176270795,18.972181288053186,-0.454521697570661
2001-09-10,11.939623318710833,-26.681893424521462,17.04458637775957,1.304326873342648
2001-09-11,11.828769485196549,-24.230771690338553,17.965830976070507,1.7346258923323028
2001-09-12,12.74134683452961,-24.87783038710059,17.729365365958955,2.002147759112909
2001-09-13,14.07741059630024,-25.079015852383424,18.924607601340842,2.8815825774737895
2001-09-14,13.777020123620503,-25.65101317714602,17.208487451776968,2.7017440705647937
2001-09-15,13.789727427770838,-26.336935724547555,17.49737957786216,1.8468066278943878
2001-09-16,13.648626534317332,-24.531973319700093,19.332073086625865,3.6270455763842637
2001-09-17,13.10142100616899,-25.4557929527046,17.986798230756715,5.461994159496911
2001-09-18,12.5253295602279,-24.130786277996233,19.567607406993584,4.045843085452884
2001-09-19,10.1614078454345,-24.792820134557694,19.166621106943605,4.926062270432334
2001-09-20,9.79940100994047,-25.428917738798248,18.103215165144466,4.8311319842982074
2001-09-21,8.302078983511343,-26.29011320670302,19.109985064789235,4.3027825541150335
2001-09-22,9.889497263275747,-27.17208267926878,19.11416279628316,5.223943093183126
2001-09-23,11.125169069370333,-25.559409204295807,19.57928426099628,5.746471269228201
2001-09-24,10.863423555176148,-23.209800470003767,19.25032960395198,5.649663426091636
2001-09-25,10.921178276253137,-23.60524485753381,19.320322335114025,6.1823605170740334
2001-09-26,10.118773746419931,-24.86143811334819,19.71569653680128,6.438012341066198
2001-09-27,9.760585254193495,-25.403171139911123,19.41063285204807,5.834679617163687
2001-09-28,11.403011080585115,-23.0564806140049,20.857715605321317,6.4733952692084245
2001-09-29,13.891072544270884,-23.207008125011985,19.430157652189596,6.64645048863664
2001-09-30,11.624597491607133,-24.42989819321082,20.39739974172767,5.256253347379016
2001-10-01,10.598823670673841,-22.182799072873916,21.935931376858413,3.597950821854891
2001-10-02,9.920193933715588,-21.287180283422554,23.033451919724406,4.018287296914445
2001-10-03,10.910309974825958,-21.113254630371177,22.724767427030432,4.199895814434984
2001-10-04,9.662547568483335,-23.113700595739022,22.82740173472791,4.399737274042776
2001-10-05,11.30852072347599,-22.596455152453387,21.361299140839122,4.247916174424869
2001-10-06,12.48046236418645,-23.549993201553,20.304301369667854,2.57531126059232
2001-10-07,11.456661788215033,-22.995526959482714,20.223717538847076,3.37692785303
2001-10-08,10.609649483683995,-22.51375465115481,19.632163588768705,2.942216189635003
2001-10-09,11.958528774115198,-21.646133807401146,21.310320289757176,4.504346531028635
2001-10-10,12.808388319749165,-20.33546882468187,20.97420221655961,4.400674370129982
2001-10-11,13.314316320198188,-20.797504015017644,19.6755387135137,4.627731644993446
2001-10-12,13.904336347412356,-22.027896055561826,20.772047786775204,3.2941841254198034
2001-10-13,13.288595187409797,-22.74747057707072,21.194106044380757,2.5665322107850654
2001-10-14,13.90501623210634,-22.80785371504386,22.23953085720009,1.823293689175755
2001-10-15,13.674891029210185,-21.447789240728042,22.999675018330063,1.768260557630576
2001-10-16,13.374560958453582,-21.915129285791377,22.05737807843034,2.5708380508187316
2001-10-17,14.748161532250414,-21.72517306754378,22.66524297445635,3.533401032518025
2001-10-18,13.79769953666425,-20.82605337827601,23.279854125667093,3.1213372283398795
2001-10-19,14.19114744003736,-19.40082872647957,23.7160178505455,3.39108568921447
2001-10-20,14.361179998367714,-20.375554936713378,25.73892853644534,2.335236784273812
2001-10-21,15.690004190145121,-20.985834575440574,25.14367292122436,3.0282326178719767
2001-10-22,14.609523447440711,-20.90608737613531,24.772606763286014,2.4159896411051234
2001-10-23,14.86476496324439,-20.940241004353997,24.280995942632686,3.3133845686106396
2001-10-24,15.386542484570318,-21.234983508906748,24.199162194462687,1.2361489246019994
2001-10-25,16.33307965678204,-19.105898625113547,23.597276079370832,2.0103079304890565
2001-10-26,15.953712349492008,-20.05677713101569,24.35406496012451,0.6961530194625245
2001-10-27,15.607198952705584,-20.23463895538063,25.270533493042013,-0.568758855902249
2001-10-28,15.136624067312564,-18.75232535529516,24.550203130297,-1.5808399064246892
2001-10-29,15.11548196853334,-18.472892680887565,24.52019761682034,-1.535216344784692
2001-10-30,13.629268827583967,-18.58134396738021,24.145585496497596,-0.31607609552103755
2001-10-31,13.875319683824083,-19.411461504301595,25.125098360569073,-1.147998949212846
2001-11-01,14.73670670119128,-20.548959930832073,25.132710392957353,-0.49181904394526277
2001-11-02,12.061748481695357,-21.478925160744545,23.956818397084795,0.17831342716394094
2001-11-03,11.793528450111367,-21.11771154537193,24.322874051899092,1.7191109099772115
2001-11-04,12.775387151313613,-21.01459332214184,23.199695810403593,2.043759303763396
2001-11-05,13.303972532352002,-20.361444559538935,23.199608667740595,0.6152033315375571
2001-11-06,13.154033155158713,-20.989621230554345,23.36534594002372,-1.0932177086862587
2001-11-07,13.174302322100546,-21.494815186719258,23.89509163052239,0.015016634312102095
2001-11-08,13.584147007544438,-22.26596988868633,23.213306268617018,0.020420702305649435
2001-11-09,14.705998301444286,-22.102291434241724,22.417753049465542,0.55393473803497
2001-11-10,13.384624752189758,-22.924974608948318,22.705561027420707,-1.5536582823913863
2001-11-11,14.773065327168226,-22.873512443324678,21.962665093443217,-0.3475073433300504
2001-11-12,14.69212531422386,-22.678764064478067,21.40744538447646,-0.5286192099038663
2001-11-13,12.312065409842418,-23.792745654430735,20.02845466675198,-0.0696800491604872
2001-11-14,13.136807645836939,-23.193769282855513,21.45241126054454,1.1776805736435645
2001-11-15,13.613982610403848,-21.34074455626037,19.71086439498248,2.0089742792156082
2001-11-16,16.539774536111082,-21.887468582268585,18.614514369214998,0.867235696968838
2001-11-17,16.907419297493078,-20.853980184753315,18.750296974632167,-0.5425537745995446
2001-11-18,17.541826111699265,-20.12660398705781,18.104910694803184,0.12028434058002502
2001-11-19,15.815350709593387,-20.87360487278818,19.011067490046894,-0.19889076427110108
2001-11-20,16.057373442468386,-20.096790166815996,17.72592415115647,1.2550890766071516
2001-11-21,16.650426102036164,-21.898572218962695,17.548850830207382,-0.7102301873256738
2001-11-22,17.614986487813695,-21.817018579668854,17.17931722223044,-0.9523548325951953
2001-11-23,17.22129342020008,-21.964733022189424,17.00962875637885,-1.4039986241922613
2001-11-24,17.128593216059997,-19.56284608301472,16.94193657416092,-3.1190982483421905
2001-11-25,17.419412206905438,-19.259088357689308,16.352288586259476,-3.3004710599569234
2001-11-26,15.334529833261726,-19.20696819159583,14.342144199063286,-2.0594975710490626
2001-11-27,15.851894571613405,-19.665625137422953,13.498269566652187,-0.4880835044175964
2001-11-28,15.906952959314555,-19.14103866127834,13.738172814903685,-1.787790479901617
2001-11-29,17.59929522111892,-18.464071327998123,11.431760619147404,0.10682461693715273
2001-11-30,17.948031580191692,-18.02764498167995,10.841191110888008,-0.38951673414535837
2001-12-01,16.055007299099326,-16.56315712370414,10.792849649814361,-0.18909126087347514
2001-12-02,16.428364928378,-17.017739054466343,11.268726467737702,0.7758584081188322
2001-12-03,16.24181407625504,-16.821294254577044,9.060930553067987,1.6795360078430885
2001-12-04,17.793460465244266,-16.716942175163595,9.141185160862555,3.3077324931775434
2001-12-05,18.812119684993476,-17.07688799309757,9.538488038785585,2.6065581698945217
2001-12-06,18.62301887310316,-16.5973067356021,10.662057666186342,3.7965888660191407
2001-12-07,19.19719903044141,-16.746750283246165,9.340745998756166,3.41189663038404
2001-12-08,21.0403819344478,-16.226478250761147,10.155498713207182,4.141353841585629
2001-12-09,21.074467974231954,-16.11328574839832,9.652096726086937,2.9005658059580037
2001-12-10,20.701271199607145,-16.349842467791625,11.039097766628215,3.5838420626743357
2001-12-11,22.43181384544615,-15.797671644869268,11.574143063994027,3.766412484197446
2001-12-12,21.69980893886225,-15.147586429689065,9.940832349244623,3.2929285916709903
2001-12-13,22.43263272624705,-17.289545335290534,10.60734616223375,2.6108676180877883
2001-12-14,23.23751813295326,-16.41636735816495,12.327248299933892,1.7022587296563927
2001-12-15,23.82837639978291,-16.134590850321924,11.842060447349112,0.20807347342835003
2001-12-16,22.02816612801606,-14.448985119396088,14.094098828689411,0.9783620638283895
2001-12-17,23.28145614756516,-12.662332509348513,14.794149763164265,2.0972423561809266
2001-12-18,20.804444732924054,-12.640390229977573,14.709488962582595,3.0670698722250136
2001-12-19,22.11883471026915,-13.118759192327332,17.41557518889347,3.7077793160830907
2001-12-20,22.54848529543286,-14.24808112415488,18.298417777516224,2.7691951623615063
2001-12-21,22.903050727034934,-14.293004705270304,20.02825904608973,4.556646972566904
2001-12-22,23.315705738476318,-14.799008798706646,19.54532078971035,4.806050944328266
2001-12-23,23.088749735940873,-14.584929538155723,19.4429321685365,5.243817910185422
2001-12-24,23.974103051006935,-13.263480113329592,19.037489181537914,4.470508399394225
2001-12-25,25.698660286731002,-11.392962881202283,19.504959215530675,2.717331824105938
2001-12-26,25.831138300194457,-11.358935013363537,20.118504782157032,2.827313755626006
2001-12-27,27.705675361764335,-12.691149387953711,20.158655159834343,0.9986134505630946
2001-12-28,29.590898094237062,-12.96956027691081,21.703594459387993,1.9150789349364028
2001-12-29,31.005096121802413,-13.575695396918537,21.36777526892626,0.4285161649479454
2001-12-30,30.589100200092783,-13.95702920827851,20.740106413762163,0.8945530118892221
2001-12-31,30.863654713230442,-14.257252669395129,19.42351408235933,0.7139376248887541
2002-01-01,31.215383375008802,-13.024320198427125,20.23694889957541,0.08320871367042437
2002-01-02,31.691017508130397,-12.25435839005617,21.126529619527307,1.3478417415436312
2002-01-03,33.151550662453886,-10.189852120229663,21.739527771083683,2.5506866887041184
2002-01-04,33.984354736219956,-10.237062508996763,22.3700237728664,2.308961948084885
2002-01-05,32.434012195052404,-10.982009547031192,22.32399435506486,2.9386861961585478
2002-01-06,32.673459500261146,-11.935818662192219,23.437570168007245,2.566520665379555
2002-01-07,32.58321584578678,-11.303719487667255,24.224632275039152,1.9313842875215061
2002-01-08,31.185866140734667,-11.524323412879331,23.98159414141702,1.1935750867190307
2002-01-09,32.18984741544906,-10.373095801358657,25.028894454456406,1.8746251534471574
2002-01-10,31.167338377629875,-12.863967715393535,25.91638469719587,2.1079412492132117
2002-01-11,32.733772747602494,-13.39527591474736,26.027808584314112,1.7773482585514346
2002-01-12,31.838944128795216,-11.80746237563886,25.44468152475847,2.5740062830333867
2002-01-13,32.18288526737526,-12.699822032015433,27.145842776029397,4.41862669321255
2002-01-14,32.04261464136009,-13.168413636811241,29.35256755217205,4.526520786314521
2002-01-15,32.66181155194874,-13.748195811371273,26.988827553746393,4.996402318994803
2002-01-16,32.8234892441723,-14.469337906311287,26.803836619340654,4.826451805629221
2002-01-17,32.31311926990058,-13.391756034165034,26.809616715235396,4.609470715032365
2002-01-18,31.72059033406653,-11.22321285099028,26.92148698482472,2.8263947003262544
2002-01-19,32.211908380815025,-11.316724506005045,25.96127539861757,4.469433743835338
2002-01-20,30.928552685157786,-10.782574190651776,25.868785058361073,2.758614837215039
2002-01-21,30.60707721867604,-14.184876218713885,25.229117867731077,2.803149910516341
2002-01-22,29.301509255313373,-15.337195098808632,22.975545452567204,2.247071976691946
2002-01-23,29.437735823116956,-16.048448321057265,22.950713875996875,2.139909419483158
2002-01-24,28.70383185071477,-18.287457994134712,21.928959394366778,2.739207625835618
2002-01-25,29.836123312674907,-18.267807451038507,20.53668682718093,3.1990453639830805
2002-01-26,31.331286873379927,-17.06364187206281,18.82434547964321,4.800759097274047
2002-01-27,30.912240310970898,-18.652520278177846,18.5230268670622,6.243524857051964
2002-01-28,31.84398950583496,-18.188489344061196,19.387604562167994,8.106986434427048
2002-01-29,32.236404197916016,-17.75636960424254,19.370624875227595,9.903754515985229
2002-01-30,32.06606087212349,-17.21097092075369,17.45469115233804,9.492412615751755
2002-01-31,32.43573488383663,-17.874859268694703,17.455490350327228,8.20975936511204
2002-02-01,32.94467640756026,-17.67640832510403,19.54850955653673,7.377223396275946
2002-02-02,34.07647184892898,-18.064928965110646,20.8062273862686,6.230752086862049
2002-02-03,33.83726704923015,-17.011926528452612,20.1984965084798,6.283692406500777
2002-02-04,34.65066445044214,-17.53949111145507,20.368102942802885,5.867834746419801
2002-02-05,34.26252596791478,-16.92716576326331,18.67906424910543,5.54555343521787
2002-02-06,34.94289976546967,-16.143465853178338,19.83735337223259,6.424757502725221
2002-02-07,34.565945486390326,-14.872592050497477,20.71013954053674,5.2199823201490165
2002-02-08,35.21695908661003,-14.363486675571705,19.06461243631857,6.225008604076739
2002-02-09,35.04884960885144,-16.021332754995832,19.88389665839417,6.4224626769683955
2002-02-10,36.214538408897575,-16.114956848842045,20.55372029446264,6.831231215397309
2002-02-11,37.415365225260516,-17.043755008635614,20.019402433122753,4.792525519679245
2002-02-12,37.28579590688222,-17.76605090500956,18.83990232606231,6.257843147737628
2002-02-13,37.707361032319724,-17.274066060733873,20.94990581956759,5.878149541509666
2002-02-14,37.58491444510466,-17.849925623053462,20.14858005129663,6.082726311311688
2002-02-15,38.17124420279763,-16.949229047472304,22.540443427259493,5.607234671819377
2002-02-16,39.958224321870574,-16.63712706139862,21.956872808600544,4.503207969507233
2002-02-17,39.50359114109587,-18.424221579475983,22.37343768419553,5.463458556649104
2002-02-18,39.426625537125176,-16.431545966525647,21.310378245282514,5.493689152752155
2002-02-19,41.45917743050417,-15.727650814610737,22.201275920874206,5.222074188710312
2002-02-20,39.25185530956784,-13.157448631098072,23.17788606816988,3.283100724215129
2002-02-21,41.014075626392824,-15.120319271096022,23.619537038952195,2.8555291553280977
2002-02-22,41.79574328110912,-17.14225301931058,23.89650737244236,1.626260527572205
2002-02-23,43.096709653894614,-15.333739907095996,23.97514917606026,1.3142357346716331
2002-02-24,43.36298595601265,-15.701413840754835,24.68894223533752,0.4325303703563129
2002-02-25,44.01667037929896,-16.711353271565518,24.185701387308193,-2.3055285760447974
2002-02-26,42.91051832804659,-16.831439241732124,23.013849160988073,-0.46054843973852044
2002-02-27,43.25339581785735,-16.24154013676618,23.066787687879433,-2.431624221836813
2002-02-28,43.19796205894599,-15.563378445784265,23.907827616026363,-1.9232006669886634
2002-03-01,42.02973369109365,-15.04303800449149,23.561469133985284,-2.4234089272222223
2002-03-02,39.42499446873865,-14.992400557557357,24.802343979570967,-2.8340543514310568
2002-03-03,38.74513481216145,-15.58906937902797,27.48895868050518,-2.109788343934884
2002-03-04,38.91159492240601,-17.027847354971236,28.80766843856515,-3.378539481014145
2002-03-05,39.77388260411753,-15.315675495578224,29.914546158880885,-0.900710143825993
2002-03-06,41.36641064928038,-15.692027883090766,31.94726829441705,-2.2536325110134356
2002-03-07,40.63614133857333,-16.197527127400736,30.66895957710426,-1.0889744081270567
2002-03-08,40.382259845335305,-16.74097252466706,30.963159156967777,-2.046474048787483
2002-03-09,42.028397529350535,-16.416218698345656,29.24104857467265,-2.2210977757791563
2002-03-10,42.6579794122747,-17.54798972106041,28.935398834197393,-1.3088430097771202
2002-03-11,42.625559498902724,-18.58003969583556,28.136486245217203,-0.06407790637652733
2002-03-12,41.07259998787528,-17.97463163504801,27.430452761275415,1.238959911546274
2002-03-13,39.12124011468177,-18.925346224544274,25.94031836358974,2.1694785071829235
2002-03-14,37.57530858221563,-20.045389135984813,26.073432241732355,2.5090818624352154
2002-03-15,39.34655212837109,-20.322718767392487,26.012904751725564,3.857812941603923
2002-03-16,38.65643280618364,-19.831430066461653,25.61194524290695,2.213614705589274
2002-03-17,37.73379606540046,-19.151240125630064,27.232502815909747,2.421636269084754
2002-03-18,37.73693502979399,-21.20349286261525,27.19281237013011,1.1918811591504266
2002-03-19,34.930070068292025,-20.925849722000915,27.986305352746317,1.442192503696125
2002-03-20,34.42304549851249,-21.29132873638898,28.76905449457463,2.311460773210642
2002-03-21,33.70382122354948,-21.21399429171729,30.210461518387337,2.796849361464986
2002-03-22,33.12074019552767,-20.942401352112903,29.891327576019354,3.7391099085882766
2002-03-23,33.798953409118425,-23.241127709501765,29.836399610464287,1.5011945110838045
2002-03-24,32.92233127678207,-23.19927063713034,29.137468437771254,2.809000807614168
2002-03-25,31.677405448821176,-23.59879755921642,28.32194984050959,3.422619535110231
2002-03-26,34.220214424880815,-23.663510059944453,27.950375099842425,3.5881332819852383
2002-03-27,33.35168950429392,-24.139986226763916,29.072104168690416,4.068164237537206
2002-03-28,34.65530904686864,-23.713934586117446,28.923338329651955,3.0984102531689057
2002-03-29,34.7305013194392,-25.97683193601979,30.18707557510187,2.8517729744995814
2002-03-30,35.127599199503855,-25.875463428810182,29.998629631834717,2.5394558597841006
2002-03-31,36.34533940807383,-26.307390943543393,30.206494253167865,3.2547872564124214
2002-04-01,36.2242846303939,-27.668935563549585,29.731915735573523,3.535811660498099
2002-04-02,36.48149779989695,-28.09322130799701,29.804763215305446,3.4450168200960745
2002-04-03,37.11478128425449,-29.53409594997605,29.69431396271394,4.915225106516587
2002-04-04,38.42387582447788,-29.84853556086061,30.469920347556453,5.7354289156500515
2002-04-05,38.870965290196814,-31.114523145658865,27.992116718856177,6.721461192188331
2002-04-06,38.33869753575975,-30.269107271238337,30.123154643827853,7.180384016157683
2002-04-07,39.5615681302923,-31.354135548674126,30.14576162259389,7.637099164592316
2002-04-08,38.74121497791931,-31.52583155799735,31.155025723142504,7.96411880848896
2002-04-09,38.796535477604415,-34.18078907278008,30.88882039600441,7.870030993824941
2002-04-10,37.23849215106735,-34.28592081267505,30.394520699554096,8.275115702539829
2002-04-11,39.52671163692661,-34.95477075200338,28.926619516102676,10.130213759517268
2002-04-12,40.9491447804723,-34.86538255916023,30.412199485660004,10.175731678601318
2002-04-13,42.149621938450366,-34.00809084651829,30.62898593407313,8.820687010677359
2002-04-14,41.6986716177255,-33.20150027392981,31.729532956999645,9.289612345157828
2002-04-15,40.966761737509216,-32.43287054041346,30.254160445643386,9.193377268241784
2002-04-16,42.036592715485824,-33.91500859288587,29.6171662812003,9.095882498239446
2002-04-17,41.7292439180317,-33.84232215911863,29.16660012018981,8.092975213035187
2002-04-18,41.969453395502626,-32.27235741342395,28.09350304283525,8.906448176077895
2002-04-19,41.327588642336444,-31.80623783110096,28.823651794336193,8.510076864698389
2002-04-20,41.65525390801288,-29.188977580169144,29.068418868512808,8.61769542484028
2002-04-21,39.589701267727186,-29.141104104374527,28.12495117041409,8.704678212133928
2002-04-22,37.055645712535664,-29.151992796021318,29.02784630457247,9.435459326150374
2002-04-23,36.41936078026271,-27.713030826840637,27.984370854471155,11.279136368502229
2002-04-24,38.53099111265642,-27.738254992723164,28.18653071471493,11.822293178204985
2002-04-25,39.15417173726734,-28.386400692515636,29.124148060152635,10.234861493174526
2002-04-26,37.56511400580486,-28.700071093423965,28.549013672825875,9.117995967332433
2002-04-27,36.992700648990315,-27.879057149697967,28.777655375401018,8.84681974327486
2002-04-28,35.75611180119819,-28.29421463679854,28.433069435313325,9.484583333338145
2002-04-29,36.32741072551046,-28.132083775750175,26.859441073781138,10.909190169008717
2002-04-30,35.01718747863473,-28.582102512282074,26.711856627146148,10.154409178068613
2002-05-01,33.94892381134522,-28.12225192131584,26.01659395695499,9.410616751160838
2002-05-02,32.79973930099954,-28.879030435232053,27.44156199558754,10.272243034700017
2002-05-03,32.31381501812614,-29.366726070038514,27.899129494584923,10.763369495193755
2002-05-04,34.367443252244556,-28.52983849365207,29.329807386685562,9.82913474053935
2002-05-05,33.6121360095256,-28.035575564030395,29.409520931434816,11.714890542979665
2002-05-06,33.054195944700034,-26.53369113740039,30.696897804855666,12.06003976229711
2002-05-07,33.67786483137782,-25.303106619970603,30.67470822592184,13.309675367117823
2002-05-08,34.62953693791456,-22.515319329639066,29.097067749066003,14.767788154639709
2002-05-09,35.236877748598985,-21.972558304270898,28.467312095492293,13.6433702290056
2002-05-10,35.35573516305094,-21.887184078798185,27.98582443270124,12.322543725496192
2002-05-11,35.62695319323251,-23.391542810004985,27.09499978432835,13.00817385121439
2002-05-12,36.33213694805117,-23.262550665510595,26.504207202935397,12.820487418496615
2002-05-13,36.07666040227754,-22.779268425429148,27.21293964218475,14.298552443887019
2002-05-14,35.06215850935803,-22.418651187764862,28.069687917089706,13.754445191530083
2002-05-15,33.41685604618376,-22.226591359495846,26.3607548618814,13.08620707869792
2002-05-16,34.499952662368656,-23.09271615558458,27.399225127140458,12.645722460449218
2002-05-17,34.49275323954928,-22.63771242189876,28.335427688197996,12.324871592521937
2002-05-18,34.831118627159015,-22.21578196365433,26.794489319408218,11.225982408673676
2002-05-19,36.37473042830924,-21.28652528170853,27.590810310025812,11.522057561902034
2002-05-20,37.589733242812706,-20.08586244182954,28.608637444323847,10.058033061805034
2002-05-21,37.81129744330127,-20.607541977780297,28.95391528263015,9.329217690148543
2002-05-22,37.890534014767105,-22.943897616079784,29.680280216318437,8.40584556080976
2002-05-23,36.69742325247997,-21.679544911811263,30.192265953589327,7.5556699520215265
2002-05-24,36.59505754233999,-21.827534414289563,29.867140849601277,8.224499100822147
2002-05-25,37.979790089493385,-22.858573515519655,28.6275693864406,9.031587661783522
2002-05-26,38.37159458721873,-22.749328221302942,28.94332638095922,10.07625577171509
2002-05-27,38.46501776196048,-22.942932320004935,29.52982454419197,9.916422926203596
2002-05-28,37.01699952514712,-21.82658241003764,28.64430304453257,10.514783430243186
2002-05-29,37.23348576222933,-21.016501030164793,30.003985478908078,8.050251166923642
2002-05-30,35.44595834774897,-20.13107424950194,28.526393792696098,6.045137469676192
2002-05-31,36.13017296828445,-20.63582837395633,26.929210667678785,6.5844439562265045
2002-06-01,36.24263239274551,-20.91622595075456,26.51570779426978,3.9960042551593102
2002-06-02,36.702690190254266,-22.09146744365263,26.831039540159107,5.349948629302622
2002-06-03,36.77081209425348,-22.28391688582076,26.52561738931028,6.044270809153847
2002-06-04,37.87817174982439,-20.718137774062104,26.308623059350783,7.0197905073457845
2002-06-05,39.22892355049989,-20.803347382027933,27.615078333068176,7.250654934631696
2002-06-06,39.967889718535574,-19.37023871419341,26.73262086040491,7.461203183375431
2002-06-07,39.15805481797692,-19.461460500424604,24.765416144277367,6.487812811090523
2002-06-08,40.102789218197266,-17.91715705573673,25.707591205370232,6.5434640652428815
2002-06-09,41.037405151642496,-17.768951030388163,25.088003130051735,5.632057441748575
2002-06-10,42.799109937339175,-17.30462532625976,23.63895514292308,7.484645752166359
2002-06-11,44.22338781582834,-17.556815770651355,24.266212571251792,7.558025922234176
2002-06-12,44.4493181580334,-17.765286168053397,25.14134815275965,7.830831803421831
2002-06-13,44.51532286489233,-18.0415993802956,25.441820365423133,7.726417368292685
2002-06-14,43.9318595061169,-16.078444276157192,27.34653202026727,8.722855746412336
2002-06-15,44.23396175798963,-16.358207105133836,26.931375059516498,9.170069922925823
2002-06-16,43.45203794667273,-15.800759530108756,29.208373186908958,11.218905398126724
2002-06-17,43.483820568159665,-17.01988602926014,29.003192480473892,10.97400726130505
2002-06-18,43.483779632519585,-17.435128550739734,28.586631471032568,11.034768234185783
2002-06-19,42.9363235538402,-17.575275082725778,27.583283263748847,8.931260753253223
2002-06-20,40.11619199085306,-16.26840322209987,29.064113006875267,9.565820364026663
2002-06-21,39.55998196804923,-14.628478308583691,30.269927532544354,11.09269079238503
2002-06-22,39.475379664347685,-15.024503634273326,29.82484459657233,11.30803817187822
2002-06-23,38.41884996025684,-13.917982985117602,31.30027019253452,12.352416995694446
2002-06-24,37.59304901285007,-13.706161778244079,30.550768809426906,13.999134488865344
2002-06-25,36.70004275560252,-14.81011719266733,29.789246152907626,13.999275111566458
2002-06-26,36.493149507967914,-15.14896057770683,30.276463916223847,15.560228294425293
2002-06-27,38.22585115191524,-15.215286550088624,30.473597257214024,14.840563641752004
2002-06-28,38.79809566779289,-15.133961726608545,30.234205591664793,14.981996629402602
2002-06-29,37.7371503016426,-14.933826772006014,29.676569754359804,14.088233193061622
2002-06-30,38.20680758243038,-12.761650147586286,29.480210463401054,13.283822307304453
2002-07-01,39.08930212945944,-12.610552228990885,29.402880172385746,11.515230347461891
2002-07-02,38.740384094048196,-11.845217923803078,29.12125980529545,11.748179378376793
2002-07-03,39.2113528831835,-12.727333742840765,26.987730958506734,11.275134527882845
2002-07-04,40.234427254071136,-10.354472107931427,26.245026909023746,12.91676751022362
2002-07-05,39.7242337469658,-11.859205895549664,24.669082121036656,12.394448652508022
2002-07-06,40.809738359414844,-12.826990181600106,24.4780154548492,13.421167114591215
2002-07-07,41.286849485994274,-11.215141742617817,24.48773234083999,13.905796133608405
2002-07-08,42.9580817853533,-11.710643055773309,23.542788487333244,13.764478122027613
2002-07-09,42.41498581317349,-10.539660379946088,24.7298890008504,14.20169924195141
2002-07-10,42.650467859122,-11.928265951881036,27.172402839237023,14.712347423809584
2002-07-11,42.805040316962334,-12.334814753182089,27.3004830966912,13.819875169956351
2002-07-12,43.04962564112154,-13.473930752263872,28.169540775204105,13.3085632408055
2002-07-13,42.98240536254481,-14.711281063728983,29.20843106485257,12.941363965219885
2002-07-14,41.90457742272261,-15.270484716130797,29.50596040698849,13.294716082810544
2002-07-15,43.053328609272086,-15.577260318906434,28.88654703030391,12.493126763048547
2002-07-16,43.14802409767236,-15.7169574003885,28.633840087640785,11.795744368666593
2002-07-17,43.56221304906529,-15.460337166322708,29.147002348176336,9.931382238046753
2002-07-18,42.04216384782282,-17.689343756944062,29.602676344256572,11.118323765516871
2002-07-19,44.64987233224954,-18.451322468460198,30.30639307133125,11.214684963153779
2002-07-20,46.631192499810595,-18.664249735593494,30.693822932225522,10.455680811124306
2002-07-21,43.555859636387325,-18.56518033768012,30.36427057068078,10.54780696007908
2002-07-22,42.804174599504435,-20.128001071203187,28.423206230118932,11.675382053468718
2002-07-23,42.264957456303875,-18.075146778263814,26.572439795518402,11.707636356651967
2002-07-24,42.10340211418837,-18.367296765963015,27.119037127500857,11.413878747373321
2002-07-25,41.24970807977455,-17.780936548474187,28.849416351672094,11.718995258822286
2002-07-26,41.282897753212026,-18.88925869052273,28.562702597915532,14.89771650049304
2002-07-27,40.282618663320406,-19.02788284997506,28.561694871635495,16.322275859309585
2002-07-28,41.40543936486372,-19.259200169463732,26.673081469175955,17.775224981664707
2002-07-29,42.481915530762834,-19.16837238242709,27.77410931471071,18.457789242831925
2002-07-30,42.45076212156431,-19.774695356632567,27.859589767861515,18.993337092988135
2002-07-31,42.38067089091865,-19.821100979576514,30.316396248552344,18.005696148276233
2002-08-01,42.552176027692006,-22.148357775091043,30.304586960552033,18.34126118524467
2002-08-02,44.34407899560575,-22.026844212774456,29.535396378783737,19.947872850181476
2002-08-03,43.67576158724218,-23.120256784751987,27.985818555035856,20.86530752274092
2002-08-04,43.462743942983515,-23.633809455934053,26.935081649866074,18.96796038551698
2002-08-05,45.48378815593478,-25.412988439690665,26.65764215245527,19.955435228249033
2002-08-06,45.21138602150725,-26.33464755921837,28.623899312447133,20.308451460333483
2002-08-07,43.95211268776855,-23.972728702499143,29.64061311269629,19.885901661289267
2002-08-08,45.033627583611164,-23.82447308062574,31.1158999918177,19.798004198530645
2002-08-09,46.14535856093202,-24.309064593273973,30.957534685813624,19.922958487002926
2002-08-10,45.339764667452386,-24.443693436721354,33.42583056595224,18.97879185963564
2002-08-11,46.6231295664882,-24.926751531810023,34.58568552809288,17.117623751399087
2002-08-12,45.45405327477957,-23.686102162378543,34.54227857278753,16.00637535580066
2002-08-13,46.51606324804406,-23.580430486478022,36.48844901288253,16.125425102805266
2002-08-14,46.491668264865176,-25.209404301476994,35.87362178405166,16.066399631226627
2002-08-15,45.26854139445369,-25.71896304856342,36.395970220242496,15.036678910867508
2002-08-16,45.846415015095744,-25.147899268525336,35.96239682163272,15.097005008634614
2002-08-17,47.69055930095037,-23.753927080042885,35.79124987697786,14.734742432863959
2002-08-18,47.5812104437899,-23.32948722785623,34.48560985958895,13.107430379752477
2002-08-19,48.177532406130645,-22.93903174463285,33.61587515641371,12.783222192802919
2002-08-20,48.347725418664766,-23.43629862295234,34.41357700863972,12.802962280165932
2002-08-21,47.19232647982042,-23.256177076476867,35.72883408315778,13.802375666580458
2002-08-22,48.08529508479716,-24.93684722683263,34.815529132007356,12.99226136509742
2002-08-23,46.777052654501524,-25.264913857517268,34.55935458756074,13.962019049103501
2002-08-24,47.678748188016854,-23.8981032269857,36.087919369773154,14.10005451240135
2002-08-25,49.22614140983501,-23.063983643705598,34.28432418170119,17.547425665726955
2002-08-26,47.97197736631145,-21.645858350030153,34.91608685351261,18.075211878784984
2002-08-27,48.495139724463094,-22.733471792829707,34.83762730175919,18.61050475078273
2002-08-28,49.3964583446522,-22.419706583618268,35.267374686094314,20.059520828402036
2002-08-29,49.985935345221705,-22.890544796999567,36.07792953595247,20.621258772733327
2002-08-30,50.216917350757214,-21.380852700047065,35.29138180866332,20.0059138456656
2002-08-31,50.74158522805578,-20.768259563299175,33.94581973356804,19.07460120457756
2002-09-01,49.40284870178521,-21.625891831888843,33.33087007711442,18.975603698935533
2002-09-02,49.0988734783642,-21.21763942869502,33.493378102528425,19.43003336258818
2002-09-03,49.23027339612216,-20.64841016508454,32.55625565616007,18.892802289761697
2002-09-04,50.39498363966387,-18.432974140691584,32.72206743076095,19.3708023404189
2002-09-05,50.51399523589241,-17.675349724531642,32.186544718982304,20.7731715232952
2002-09-06,51.149935107495324,-17.435272561102884,33.00622197225213,19.633850916193165
2002-09-07,51.71208635325858,-17.607016846591566,34.591889009495326,17.97892843221054
2002-09-08,52.22919678230593,-18.75933549128561,37.218753814712244,18.834469009044938
2002-09-09,51.56608036846579,-17.669549435046186,37.908870224749684,17.586236241707706
2002-09-10,51.806041321448646,-19.097877956591812,36.01391271312819,17.34668017094274
2002-09-11,51.011993559589065,-19.28969124374525,35.66867581253909,17.32452900192762
2002-09-12,51.179384268622414,-18.546451386734358,34.96082548935543,17.840563958856293
2002-09-13,50.98108180573632,-18.932292915221215,36.32372889599887,16.094066558836964
2002-09-14,52.55435808483327,-18.822945104704512,36.878364341810574,16.95119741098997
2002-09-15,53.75581906247084,-20.047414574292198,37.26717578561384,18.77847103934731
2002-09-16,53.965536521003386,-20.098571733250424,38.47128023552668,18.98206604221188
2002-09-17,55.31999461100288,-20.907392938431215,37.50843272058451,18.36893447280489
2002-09-18,55.69859998078666,-22.603361015755535,36.5372022344222,19.290349730312155
2002-09-19,55.33076568997112,-21.909053581483917,34.546735302529285,19.155308136493503
2002-09-20,55.80084477803142,-22.66661093337583,31.447119696550153,19.118781313456637
2002-09-21,54.60306085596241,-22.662471605873275,31.1860127640778,20.189488992608972
2002-09-22,55.63554658823756,-21.830918579943358,31.156681709643337,20.56391220229826
2002-09-23,57.68164801462624,-22.17254097912169,31.540577586720694,20.873787136658024
2002-09-24,58.92053026896504,-24.047090151463532,31.901598197693332,20.759750387041866
2002-09-25,59.909045227827015,-23.50809806914979,30.849739299249116,19.419945333160683
2002-09-26,61.489996006879764,-25.016448206329898,31.32967350647168,18.795963206208135
